{"stats":{"minecraft:mined":{"minecraft:grass":29,"minecraft:grass_block":17},"minecraft:custom":{"minecraft:time_since_rest":7199,"minecraft:damage_dealt":201,"minecraft:play_one_minute":7199,"minecraft:leave_game":3,"minecraft:sprint_one_cm":21632,"minecraft:damage_taken":130,"minecraft:time_since_death":7199,"minecraft:walk_one_cm":16882,"minecraft:mob_kills":1,"minecraft:fall_one_cm":2507,"minecraft:fly_one_cm":34018,"minecraft:jump":163},"minecraft:killed":{"minecraft:zombie":1},"minecraft:picked_up":{"minecraft:wheat_seeds":3,"minecraft:dirt":17}},"DataVersion":2586}