{"stats":{"minecraft:broken":{"minecraft:wooden_axe":1},"minecraft:custom":{"minecraft:time_since_rest":23928,"minecraft:sprint_one_cm":41306,"minecraft:damage_taken":130,"minecraft:walk_one_cm":60366,"minecraft:mob_kills":30,"minecraft:damage_dealt":211,"minecraft:interact_with_crafting_table":1,"minecraft:fly_one_cm":57022,"minecraft:crouch_one_cm":113,"minecraft:play_one_minute":23928,"tombstone:undead_killed":14,"minecraft:sneak_time":145,"minecraft:jump":305,"minecraft:leave_game":4,"minecraft:time_since_death":23928,"minecraft:fall_one_cm":2507},"minecraft:mined":{"minecraft:birch_log":12,"minecraft:grass":30,"minecraft:grass_block":17,"minecraft:oak_log":43,"minecraft:oak_leaves":10},"minecraft:crafted":{"minecraft:oak_planks":12,"minecraft:crafting_table":1,"minecraft:stick":4,"minecraft:wooden_axe":1},"minecraft:killed":{"minecraft:skeleton":8,"minecraft:zombie":7,"alexsmobs:cockroach":2,"minecraft:spider":3,"alexsmobs:crow":1,"minecraft:creeper":9},"minecraft:picked_up":{"minecraft:birch_log":12,"minecraft:stick":7,"minecraft:oak_log":42,"tombstone:grave_dust":5,"minecraft:gunpowder":10,"minecraft:carrot":1,"minecraft:dirt":17,"minecraft:string":2,"minecraft:bone":7,"minecraft:arrow":10,"minecraft:rotten_flesh":4,"minecraft:apple":5,"minecraft:wheat_seeds":3,"minecraft:oak_sapling":8},"minecraft:used":{"minecraft:oak_log":36,"minecraft:wooden_axe":22,"cgm:shotgun":50,"cgm:pistol":66,"minecraft:crafting_table":1,"minecraft:birch_log":12}},"DataVersion":2586}