{
  "securitycraft:recipes/securitycraft/reinforced_crimson_fence": {
    "criteria": {
      "has_stick": "2024-06-11 08:33:39 +0000"
    },
    "done": true
  },
  "minecraft:recipes/tools/fishing_rod": {
    "criteria": {
      "has_string": "2024-06-11 08:31:07 +0000"
    },
    "done": true
  },
  "cfm:recipes/cfm/stripped_oak_park_bench": {
    "criteria": {
      "has_log": "2024-06-11 08:32:59 +0000"
    },
    "done": true
  },
  "minecraft:recipes/tools/wooden_axe": {
    "criteria": {
      "has_the_recipe": "2024-06-11 08:33:38 +0000"
    },
    "done": true
  },
  "cfm:recipes/cfm/birch_table": {
    "criteria": {
      "has_log": "2024-06-11 08:33:53 +0000"
    },
    "done": true
  },
  "cfm:recipes/cfm/stripped_birch_cabinet": {
    "criteria": {
      "has_log": "2024-06-11 08:33:53 +0000"
    },
    "done": true
  },
  "tombstone:adventure/ashes_and_bones": {
    "criteria": {
      "coded_trigger": "2024-06-11 08:31:27 +0000"
    },
    "done": true
  },
  "minecraft:recipes/decorations/loom": {
    "criteria": {
      "has_string": "2024-06-11 08:31:07 +0000"
    },
    "done": true
  },
  "cfm:recipes/cfm/stripped_birch_desk_cabinet": {
    "criteria": {
      "has_planks": "2024-06-11 08:33:53 +0000"
    },
    "done": true
  },
  "sophisticatedbackpacks:recipes/sophisticatedbackpacks/iron_backpack": {
    "criteria": {
      "has_backpack": "2024-06-11 08:24:51 +0000"
    },
    "done": true
  },
  "securitycraft:recipes/securitycraft/reinforced_spruce_fence": {
    "criteria": {
      "has_stick": "2024-06-11 08:33:39 +0000"
    },
    "done": true
  },
  "cfm:recipes/cfm/birch_upgraded_gate": {
    "criteria": {
      "has_log": "2024-06-11 08:33:53 +0000"
    },
    "done": true
  },
  "minecraft:recipes/decorations/crafting_table": {
    "criteria": {
      "has_planks": "2024-06-11 08:33:14 +0000"
    },
    "done": true
  },
  "minecraft:recipes/decorations/campfire": {
    "criteria": {
      "has_stick": "2024-06-11 08:33:39 +0000"
    },
    "done": true
  },
  "cfm:recipes/cfm/birch_desk": {
    "criteria": {
      "has_log": "2024-06-11 08:33:53 +0000"
    },
    "done": true
  },
  "minecraft:recipes/decorations/ladder": {
    "criteria": {
      "has_stick": "2024-06-11 08:33:39 +0000"
    },
    "done": true
  },
  "cfm:recipes/cfm/birch_upgraded_fence": {
    "criteria": {
      "has_log": "2024-06-11 08:33:53 +0000"
    },
    "done": true
  },
  "minecraft:recipes/decorations/chest": {
    "criteria": {
      "has_lots_of_items": "2024-06-11 08:30:48 +0000"
    },
    "done": true
  },
  "cfm:recipes/cfm/stripped_birch_kitchen_drawer": {
    "criteria": {
      "has_log": "2024-06-11 08:33:53 +0000"
    },
    "done": true
  },
  "cfm:recipes/cfm/stripped_oak_crate": {
    "criteria": {
      "has_planks": "2024-06-11 08:32:59 +0000"
    },
    "done": true
  },
  "cfm:recipes/cfm/stripped_birch_bedside_cabinet": {
    "criteria": {
      "has_planks": "2024-06-11 08:33:53 +0000"
    },
    "done": true
  },
  "cfm:recipes/cfm/oak_chair": {
    "criteria": {
      "has_log": "2024-06-11 08:32:59 +0000"
    },
    "done": true
  },
  "minecraft:recipes/tools/wooden_shovel": {
    "criteria": {
      "has_stick": "2024-06-11 08:33:39 +0000"
    },
    "done": true
  },
  "cfm:recipes/cfm/stripped_oak_chair": {
    "criteria": {
      "has_planks": "2024-06-11 08:32:59 +0000"
    },
    "done": true
  },
  "cgm:recipes/cgm/advanced_bullet": {
    "criteria": {
      "has_gunpowder": "2024-06-11 08:30:57 +0000"
    },
    "done": true
  },
  "securitycraft:recipes/securitycraft/sc_manual": {
    "criteria": {
      "has_wood": "2024-06-11 08:32:59 +0000"
    },
    "done": true
  },
  "cfm:recipes/cfm/oak_crate": {
    "criteria": {
      "has_log": "2024-06-11 08:32:59 +0000"
    },
    "done": true
  },
  "cfm:recipes/cfm/birch_bedside_cabinet": {
    "criteria": {
      "has_log": "2024-06-11 08:33:53 +0000"
    },
    "done": true
  },
  "minecraft:recipes/misc/stick": {
    "criteria": {
      "has_planks": "2024-06-11 08:33:14 +0000"
    },
    "done": true
  },
  "cfm:recipes/cfm/stripped_birch_kitchen_counter": {
    "criteria": {
      "has_log": "2024-06-11 08:33:53 +0000"
    },
    "done": true
  },
  "cfm:recipes/cfm/stripped_oak_bedside_cabinet": {
    "criteria": {
      "has_planks": "2024-06-11 08:32:59 +0000"
    },
    "done": true
  },
  "cfm:recipes/cfm/birch_kitchen_counter": {
    "criteria": {
      "has_log": "2024-06-11 08:33:53 +0000"
    },
    "done": true
  },
  "securitycraft:recipes/securitycraft/reinforced_birch_fence": {
    "criteria": {
      "has_stick": "2024-06-11 08:33:39 +0000"
    },
    "done": true
  },
  "securitycraft:recipes/securitycraft/reinforced_oak_fence": {
    "criteria": {
      "has_stick": "2024-06-11 08:33:39 +0000"
    },
    "done": true
  },
  "cfm:recipes/cfm/stripped_oak_table": {
    "criteria": {
      "has_planks": "2024-06-11 08:32:59 +0000"
    },
    "done": true
  },
  "minecraft:recipes/combat/wooden_sword": {
    "criteria": {
      "has_stick": "2024-06-11 08:33:39 +0000"
    },
    "done": true
  },
  "minecraft:recipes/building_blocks/oak_planks": {
    "criteria": {
      "has_logs": "2024-06-11 08:32:59 +0000"
    },
    "done": true
  },
  "securitycraft:recipes/securitycraft/reinforced_jungle_fence_gate": {
    "criteria": {
      "has_stick": "2024-06-11 08:33:39 +0000"
    },
    "done": true
  },
  "tombstone:adventure/root": {
    "criteria": {
      "auto": "2024-06-11 08:21:49 +0000"
    },
    "done": true
  },
  "cfm:recipes/cfm/oak_kitchen_counter": {
    "criteria": {
      "has_log": "2024-06-11 08:32:59 +0000"
    },
    "done": true
  },
  "securitycraft:recipes/securitycraft/reinforced_dark_oak_fence_gate": {
    "criteria": {
      "has_stick": "2024-06-11 08:33:39 +0000"
    },
    "done": true
  },
  "cfm:recipes/cfm/stripped_oak_kitchen_counter": {
    "criteria": {
      "has_log": "2024-06-11 08:32:59 +0000"
    },
    "done": true
  },
  "cfm:recipes/cfm/birch_coffee_table": {
    "criteria": {
      "has_log": "2024-06-11 08:33:53 +0000"
    },
    "done": true
  },
  "tombstone:adventure/find_grave_dust": {
    "criteria": {
      "from_undead": "2024-06-11 08:30:45 +0000"
    },
    "done": true
  },
  "cfm:recipes/cfm/stripped_oak_kitchen_drawer": {
    "criteria": {
      "has_log": "2024-06-11 08:32:59 +0000"
    },
    "done": true
  },
  "minecraft:recipes/tools/wooden_hoe": {
    "criteria": {
      "has_stick": "2024-06-11 08:33:39 +0000"
    },
    "done": true
  },
  "cfm:recipes/cfm/oak_table": {
    "criteria": {
      "has_log": "2024-06-11 08:32:59 +0000"
    },
    "done": true
  },
  "cfm:recipes/cfm/oak_blinds": {
    "criteria": {
      "has_log": "2024-06-11 08:32:59 +0000"
    },
    "done": true
  },
  "cgm:recipes/cgm/basic_bullet": {
    "criteria": {
      "has_gunpowder": "2024-06-11 08:30:57 +0000"
    },
    "done": true
  },
  "cfm:recipes/cfm/birch_desk_cabinet": {
    "criteria": {
      "has_log": "2024-06-11 08:33:53 +0000"
    },
    "done": true
  },
  "sophisticatedbackpacks:recipes/sophisticatedbackpacks/blasting_upgrade_from_smelting_upgrade": {
    "criteria": {
      "has_smelting_upgrade": "2024-06-11 08:21:48 +0000"
    },
    "done": true
  },
  "cfm:recipes/cfm/birch_park_bench": {
    "criteria": {
      "has_log": "2024-06-11 08:33:53 +0000"
    },
    "done": true
  },
  "minecraft:recipes/redstone/tripwire_hook": {
    "criteria": {
      "has_string": "2024-06-11 08:31:07 +0000"
    },
    "done": true
  },
  "securitycraft:recipes/securitycraft/reinforced_acacia_fence": {
    "criteria": {
      "has_stick": "2024-06-11 08:33:39 +0000"
    },
    "done": true
  },
  "minecraft:recipes/redstone/oak_pressure_plate": {
    "criteria": {
      "has_planks": "2024-06-11 08:33:14 +0000"
    },
    "done": true
  },
  "cfm:recipes/cfm/birch_chair": {
    "criteria": {
      "has_log": "2024-06-11 08:33:53 +0000"
    },
    "done": true
  },
  "minecraft:recipes/misc/bone_meal": {
    "criteria": {
      "has_bone": "2024-06-11 08:30:47 +0000"
    },
    "done": true
  },
  "cfm:recipes/cfm/oak_bedside_cabinet": {
    "criteria": {
      "has_log": "2024-06-11 08:32:59 +0000"
    },
    "done": true
  },
  "cfm:recipes/cfm/birch_crate": {
    "criteria": {
      "has_log": "2024-06-11 08:33:53 +0000"
    },
    "done": true
  },
  "minecraft:recipes/building_blocks/birch_planks": {
    "criteria": {
      "has_logs": "2024-06-11 08:33:53 +0000"
    },
    "done": true
  },
  "cfm:recipes/cfm/oak_kitchen_sink_dark": {
    "criteria": {
      "has_bottom": "2024-06-11 08:33:14 +0000"
    },
    "done": true
  },
  "cfm:recipes/cfm/oak_desk": {
    "criteria": {
      "has_log": "2024-06-11 08:32:59 +0000"
    },
    "done": true
  },
  "cfm:recipes/cfm/stripped_birch_chair": {
    "criteria": {
      "has_planks": "2024-06-11 08:33:53 +0000"
    },
    "done": true
  },
  "cfm:recipes/cfm/stripped_birch_crate": {
    "criteria": {
      "has_planks": "2024-06-11 08:33:53 +0000"
    },
    "done": true
  },
  "cfm:recipes/cfm/stripped_birch_coffee_table": {
    "criteria": {
      "has_planks": "2024-06-11 08:33:53 +0000"
    },
    "done": true
  },
  "minecraft:recipes/building_blocks/oak_wood": {
    "criteria": {
      "has_log": "2024-06-11 08:32:59 +0000"
    },
    "done": true
  },
  "minecraft:story/root": {
    "criteria": {
      "crafting_table": "2024-06-11 08:33:29 +0000"
    },
    "done": true
  },
  "minecraft:recipes/combat/crossbow": {
    "criteria": {
      "has_string": "2024-06-11 08:31:07 +0000"
    },
    "done": true
  },
  "securitycraft:recipes/securitycraft/reinforced_spruce_fence_gate": {
    "criteria": {
      "has_stick": "2024-06-11 08:33:39 +0000"
    },
    "done": true
  },
  "cgm:recipes/cgm/shell": {
    "criteria": {
      "has_gunpowder": "2024-06-11 08:30:57 +0000"
    },
    "done": true
  },
  "sophisticatedbackpacks:recipes/sophisticatedbackpacks/smoking_upgrade": {
    "criteria": {
      "has_upgrade_base": "2024-06-11 08:21:48 +0000"
    },
    "done": true
  },
  "minecraft:recipes/decorations/oak_sign": {
    "criteria": {
      "has_oak_planks": "2024-06-11 08:33:14 +0000"
    },
    "done": true
  },
  "minecraft:recipes/redstone/oak_trapdoor": {
    "criteria": {
      "has_planks": "2024-06-11 08:33:14 +0000"
    },
    "done": true
  },
  "cfm:recipes/cfm/stripped_birch_table": {
    "criteria": {
      "has_planks": "2024-06-11 08:33:53 +0000"
    },
    "done": true
  },
  "minecraft:recipes/combat/bow": {
    "criteria": {
      "has_string": "2024-06-11 08:31:07 +0000"
    },
    "done": true
  },
  "sophisticatedbackpacks:recipes/sophisticatedbackpacks/blasting_upgrade": {
    "criteria": {
      "has_upgrade_base": "2024-06-11 08:21:48 +0000"
    },
    "done": true
  },
  "cfm:recipes/cfm/stripped_oak_desk": {
    "criteria": {
      "has_planks": "2024-06-11 08:32:59 +0000"
    },
    "done": true
  },
  "minecraft:recipes/redstone/oak_fence_gate": {
    "criteria": {
      "has_planks": "2024-06-11 08:33:14 +0000"
    },
    "done": true
  },
  "minecraft:recipes/redstone/tnt": {
    "criteria": {
      "has_gunpowder": "2024-06-11 08:30:57 +0000"
    },
    "done": true
  },
  "cfm:recipes/cfm/stripped_birch_park_bench": {
    "criteria": {
      "has_log": "2024-06-11 08:33:53 +0000"
    },
    "done": true
  },
  "sophisticatedbackpacks:recipes/sophisticatedbackpacks/auto_smoking_upgrade": {
    "criteria": {
      "has_smoking_upgrade": "2024-06-11 08:21:48 +0000"
    },
    "done": true
  },
  "minecraft:adventure/kill_a_mob": {
    "criteria": {
      "minecraft:zombie": "2024-06-11 07:43:38 +0000"
    },
    "done": true
  },
  "cfm:recipes/cfm/birch_blinds": {
    "criteria": {
      "has_log": "2024-06-11 08:33:53 +0000"
    },
    "done": true
  },
  "minecraft:recipes/redstone/oak_button": {
    "criteria": {
      "has_planks": "2024-06-11 08:33:14 +0000"
    },
    "done": true
  },
  "cgm:recipes/cgm/grenade": {
    "criteria": {
      "has_gunpowder": "2024-06-11 08:30:57 +0000"
    },
    "done": true
  },
  "securitycraft:recipes/securitycraft/reinforced_crimson_fence_gate": {
    "criteria": {
      "has_stick": "2024-06-11 08:33:39 +0000"
    },
    "done": true
  },
  "securitycraft:recipes/securitycraft/reinforced_birch_fence_gate": {
    "criteria": {
      "has_stick": "2024-06-11 08:33:39 +0000"
    },
    "done": true
  },
  "cfm:recipes/cfm/oak_cabinet": {
    "criteria": {
      "has_log": "2024-06-11 08:32:59 +0000"
    },
    "done": true
  },
  "tombstone:recipes/from_grave_dust": {
    "criteria": {
      "has_ingredient": "2024-06-11 08:30:48 +0000"
    },
    "done": true
  },
  "securitycraft:recipes/securitycraft/reinforced_acacia_fence_gate": {
    "criteria": {
      "has_stick": "2024-06-11 08:33:39 +0000"
    },
    "done": true
  },
  "cgm:recipes/cgm/missile": {
    "criteria": {
      "has_gunpowder": "2024-06-11 08:30:57 +0000"
    },
    "done": true
  },
  "minecraft:adventure/adventuring_time": {
    "criteria": {
      "minecraft:forest": "2024-06-11 07:56:10 +0000",
      "minecraft:beach": "2024-06-11 07:56:21 +0000",
      "minecraft:plains": "2024-06-11 07:41:39 +0000"
    },
    "done": false
  },
  "securitycraft:recipes/securitycraft/reinforced_jungle_fence": {
    "criteria": {
      "has_stick": "2024-06-11 08:33:39 +0000"
    },
    "done": true
  },
  "minecraft:recipes/misc/charcoal": {
    "criteria": {
      "has_log": "2024-06-11 08:32:59 +0000"
    },
    "done": true
  },
  "minecraft:recipes/tools/wooden_pickaxe": {
    "criteria": {
      "has_stick": "2024-06-11 08:33:39 +0000"
    },
    "done": true
  },
  "sophisticatedbackpacks:recipes/sophisticatedbackpacks/smoking_upgrade_from_smelting_upgrade": {
    "criteria": {
      "has_smelting_upgrade": "2024-06-11 08:21:48 +0000"
    },
    "done": true
  },
  "tombstone:adventure/find_easter_egg": {
    "criteria": {
      "coded_trigger": "2024-06-11 08:21:48 +0000"
    },
    "done": true
  },
  "minecraft:recipes/building_blocks/oak_stairs": {
    "criteria": {
      "has_planks": "2024-06-11 08:33:14 +0000"
    },
    "done": true
  },
  "securitycraft:recipes/securitycraft/reinforced_warped_fence": {
    "criteria": {
      "has_stick": "2024-06-11 08:33:39 +0000"
    },
    "done": true
  },
  "securitycraft:recipes/securitycraft/sonic_security_system": {
    "criteria": {
      "has_stick": "2024-06-11 08:33:39 +0000"
    },
    "done": true
  },
  "cfm:recipes/cfm/oak_kitchen_drawer": {
    "criteria": {
      "has_log": "2024-06-11 08:32:59 +0000"
    },
    "done": true
  },
  "minecraft:recipes/decorations/barrel": {
    "criteria": {
      "has_planks": "2024-06-11 08:33:14 +0000"
    },
    "done": true
  },
  "cfm:recipes/cfm/stripped_oak_coffee_table": {
    "criteria": {
      "has_planks": "2024-06-11 08:32:59 +0000"
    },
    "done": true
  },
  "cfm:recipes/cfm/stripped_oak_cabinet": {
    "criteria": {
      "has_log": "2024-06-11 08:32:59 +0000"
    },
    "done": true
  },
  "cfm:recipes/cfm/oak_desk_cabinet": {
    "criteria": {
      "has_log": "2024-06-11 08:32:59 +0000"
    },
    "done": true
  },
  "minecraft:recipes/redstone/oak_door": {
    "criteria": {
      "has_planks": "2024-06-11 08:33:14 +0000"
    },
    "done": true
  },
  "minecraft:adventure/root": {
    "criteria": {
      "killed_something": "2024-06-11 07:43:38 +0000"
    },
    "done": true
  },
  "sophisticatedbackpacks:recipes/sophisticatedbackpacks/auto_blasting_upgrade_from_auto_smelting_upgrade": {
    "criteria": {
      "has_auto_smelting_upgrade": "2024-06-11 08:21:48 +0000"
    },
    "done": true
  },
  "securitycraft:recipes/securitycraft/motion_activated_light": {
    "criteria": {
      "has_stick": "2024-06-11 08:33:39 +0000"
    },
    "done": true
  },
  "minecraft:recipes/building_blocks/white_wool_from_string": {
    "criteria": {
      "has_string": "2024-06-11 08:31:07 +0000"
    },
    "done": true
  },
  "minecraft:recipes/transportation/carrot_on_a_stick": {
    "criteria": {
      "has_carrot": "2024-06-11 08:31:05 +0000"
    },
    "done": true
  },
  "cfm:recipes/cfm/stripped_oak_desk_cabinet": {
    "criteria": {
      "has_planks": "2024-06-11 08:32:59 +0000"
    },
    "done": true
  },
  "sophisticatedbackpacks:recipes/sophisticatedbackpacks/auto_smoking_upgrade_from_auto_smelting_upgrade": {
    "criteria": {
      "has_auto_smelting_upgrade": "2024-06-11 08:21:48 +0000"
    },
    "done": true
  },
  "minecraft:adventure/kill_all_mobs": {
    "criteria": {
      "minecraft:skeleton": "2024-06-11 08:30:38 +0000",
      "minecraft:spider": "2024-06-11 08:25:43 +0000",
      "minecraft:creeper": "2024-06-11 08:30:36 +0000",
      "minecraft:zombie": "2024-06-11 07:43:38 +0000"
    },
    "done": false
  },
  "cfm:recipes/cfm/oak_upgraded_gate": {
    "criteria": {
      "has_log": "2024-06-11 08:32:59 +0000"
    },
    "done": true
  },
  "minecraft:recipes/building_blocks/birch_wood": {
    "criteria": {
      "has_log": "2024-06-11 08:33:53 +0000"
    },
    "done": true
  },
  "sophisticatedbackpacks:recipes/sophisticatedbackpacks/auto_blasting_upgrade": {
    "criteria": {
      "has_blasting_upgrade": "2024-06-11 08:21:48 +0000"
    },
    "done": true
  },
  "cfm:recipes/cfm/stripped_birch_desk": {
    "criteria": {
      "has_planks": "2024-06-11 08:33:53 +0000"
    },
    "done": true
  },
  "securitycraft:recipes/securitycraft/reinforced_oak_fence_gate": {
    "criteria": {
      "has_stick": "2024-06-11 08:33:39 +0000"
    },
    "done": true
  },
  "cfm:recipes/cfm/oak_upgraded_fence": {
    "criteria": {
      "has_log": "2024-06-11 08:32:59 +0000"
    },
    "done": true
  },
  "cgm:recipes/cgm/stun_grenade": {
    "criteria": {
      "has_gunpowder": "2024-06-11 08:30:57 +0000"
    },
    "done": true
  },
  "cfm:recipes/cfm/birch_kitchen_drawer": {
    "criteria": {
      "has_log": "2024-06-11 08:33:53 +0000"
    },
    "done": true
  },
  "tombstone:adventure/first_knowledge": {
    "criteria": {
      "coded_trigger": "2024-06-11 08:30:45 +0000"
    },
    "done": true
  },
  "securitycraft:recipes/securitycraft/reinforced_warped_fence_gate": {
    "criteria": {
      "has_stick": "2024-06-11 08:33:39 +0000"
    },
    "done": true
  },
  "minecraft:recipes/decorations/oak_fence": {
    "criteria": {
      "has_planks": "2024-06-11 08:33:14 +0000"
    },
    "done": true
  },
  "minecraft:recipes/decorations/soul_campfire": {
    "criteria": {
      "has_stick": "2024-06-11 08:33:39 +0000"
    },
    "done": true
  },
  "cfm:recipes/cfm/birch_cabinet": {
    "criteria": {
      "has_log": "2024-06-11 08:33:53 +0000"
    },
    "done": true
  },
  "minecraft:recipes/building_blocks/oak_slab": {
    "criteria": {
      "has_planks": "2024-06-11 08:33:14 +0000"
    },
    "done": true
  },
  "securitycraft:recipes/securitycraft/reinforced_dark_oak_fence": {
    "criteria": {
      "has_stick": "2024-06-11 08:33:39 +0000"
    },
    "done": true
  },
  "cfm:recipes/cfm/oak_kitchen_sink_light": {
    "criteria": {
      "has_bottom": "2024-06-11 08:33:14 +0000"
    },
    "done": true
  },
  "cfm:recipes/cfm/oak_park_bench": {
    "criteria": {
      "has_log": "2024-06-11 08:32:59 +0000"
    },
    "done": true
  },
  "cfm:recipes/cfm/oak_coffee_table": {
    "criteria": {
      "has_log": "2024-06-11 08:32:59 +0000"
    },
    "done": true
  },
  "DataVersion": 2586
}