{
  "minecraft:adventure/root": {
    "criteria": {
      "killed_something": "2024-06-11 07:43:38 +0000"
    },
    "done": true
  },
  "minecraft:adventure/kill_a_mob": {
    "criteria": {
      "minecraft:zombie": "2024-06-11 07:43:38 +0000"
    },
    "done": true
  },
  "minecraft:adventure/kill_all_mobs": {
    "criteria": {
      "minecraft:zombie": "2024-06-11 07:43:38 +0000"
    },
    "done": false
  },
  "minecraft:adventure/adventuring_time": {
    "criteria": {
      "minecraft:forest": "2024-06-11 07:56:10 +0000",
      "minecraft:beach": "2024-06-11 07:56:21 +0000",
      "minecraft:plains": "2024-06-11 07:41:39 +0000"
    },
    "done": false
  },
  "DataVersion": 2586
}